-- MVP Strategic Planning Tool - Seed Data
-- Run this in Supabase SQL Editor AFTER running schema.sql

-- ============================================================================
-- SEED MVPs
-- ============================================================================
INSERT INTO mvps (mvp_id, mvp_name, specialties, available_measures) VALUES
('MVP001', 'Diagnostic Radiology MVP', 'Diagnostic Radiology', 'Q145, Q360, Q494, Q364, Q405, Q406, QMM17, QMM18, QMM26'),
('MVP002', 'Interventional Radiology MVP', 'Interventional Radiology', 'Q420, Q421, Q465, RCOIR12, RCOIR13, RPAQIR14, RPAQIR15, Q413, Q145, Q374'),
('MVP003', 'Neuropsychology MVP', 'Neuropsychology; NPPs', 'Q282, Q286, Q288, MBHR13, Q130, Q134, Q181, MBHR15, MBHR18'),
('MVP004', 'Pathology MVP', 'Pathology', 'Q249, Q250, Q395, Q396, Q397, Q440, Q491, CAP30, CAP34, CAP40, QMM21, QMM25, QMM29, QMM30'),
('MVP005', 'Podiatry MVP', 'Podiatry; NPPs', 'Q126, Q127, REGCLR5, REGCLR8, USWR22, USWR32, USWR33, USWR34, USWR35, Q374, Q155, Q226, Q317, Q358, MEX5, REGCLR1, REGCLR3'),
('MVP006', 'Vascular Surgery MVP', 'Vascular Surgery; NPPs', 'Q259, Q344, Q355, Q356, Q357, RCOIR12, RCOIR13, RPAQIR14, RPAQIR15, Q374, Q001, Q130, Q226, Q438, Q047, Q321, Q358'),
('MVP007', 'Adopting Best Practices and Promoting Patient Safety within Emergency Medicine MVP', 'Emergency Medicine; NPPs', 'Q065, Q116, Q331, HCPR24, Q415, Q416, ACEP52, ECPR46, Q321, ACEP50'),
('MVP008', 'Advancing Cancer Care MVP', 'Oncology; Hematology; NPPs', 'Q450, Q451, Q462, Q490, Q506, Q507, PIMSH13, PIMSH15, PIMSH16, PIMSH17, Q102, Q143, Q144, Q134, Q047, Q321, Q453, Q457, Q495, Q503'),
('MVP009', 'Advancing Care for Heart Disease MVP', 'Cardiology; Internal Medicine; Family Medicine; NPPs', 'Q005, Q008, Q377, Q492, Q006, Q007, Q118, Q243, Q326, Q441, Q392, Q393, Q128, Q134, Q238, Q047, Q495, Q503'),
('MVP010', 'Advancing Rheumatology Patient Care MVP', 'Rheumatology; NPPs', 'Q177, Q178, Q180, ACR16, ACR12, ACR14, ACR15, UREQA10, Q039, Q130, Q134, Q176, ACR10, UREQA9, Q493, Q503'),
('MVP011', 'Complete Ophthalmologic Care MVP', 'Ophthalmology; Optometry; NPPs', 'Q191, Q303, Q304, Q389, IRIS54, IRIS61, Q117, Q374, Q019, Q384, Q385, Q499, Q500, Q501, IRIS13, IRIS58, Q012, Q141, IRIS2, IRIS39, Q130, Q226, Q503'),
('MVP012', 'Coordinating Stroke Care to Promote Prevention and Cultivate Positive Outcomes MVP', 'Neurology; Neurosurgical; Vascular Surgery; NPPs', 'Q236, Q326, Q344, Q438, Q441, Q187, Q413, Q047, Q495'),
('MVP013', 'Dermatological Care MVP', 'Dermatology; NPPs', 'Q397, Q440, Q509, AAD6, AAD12, AAD16, Q176, Q486, Q410, Q485, Q226, Q047, Q503, AAD8, Q238'),
('MVP014', 'Focusing on Women''s Health MVP', 'Gynecology; Obstetrics; Urogynecology; NPPs; Certified Nurse Midwives', 'Q335, Q336, Q496, Q422, Q432, Q448, Q039, Q048, Q112, Q134, Q226, Q309, Q310, Q400, Q431, Q475, Q493, UREQA8'),
('MVP015', 'Gastroenterology Care MVP', 'Gastroenterology; NPPs', 'GIQIC26, Q400, Q401, TBD_HCV_SVR, Q275, Q374, Q113, Q130, Q226, Q320, GIQIC23, NHCR4, Q503'),
('MVP016', 'Improving Care for Lower Extremity Joint Repair MVP', 'Orthopedic Surgery; NPPs', 'Q024, Q350, Q351, Q376, Q470, Q480, Q128'),
('MVP017', 'Optimal Care for Kidney Health MVP', 'Nephrology', 'Q001, Q236, Q488, Q489, Q482, Q510, Q511, TBD_PSWR, Q130, Q493, Q047, Q495, Q503'),
('MVP018', 'Optimal Care for Patients with Urologic Conditions MVP', 'Urology; NPPs', 'Q462, Q476, Q481, AQUA8, AQUA16, MUSIC4, Q050, AQUA14, AQUA15, Q318, Q321, Q358, Q503'),
('MVP019', 'Patient Safety and Support of Positive Experiences with Anesthesia MVP', 'Anesthesiology; CRNAs; Physician Assistants', 'Q404, Q430, Q463, ABG44, EPREOP31, Q477, AQI48'),
('MVP020', 'Prevention and Treatment of Infectious Disorders Including Hepatitis C and HIV MVP', 'Infectious Disease; Immunology; NPPs', 'Q205, Q338, Q340, Q387, Q401, TBD_HCV_SVR, Q065, Q116, Q331, Q130, Q134, Q226, Q493, Q475, Q503'),
('MVP021', 'Value in Primary Care MVP', 'Family Medicine; Internal Medicine; General Practice; NPPs', 'Q001, Q113, Q128, Q130, Q134, Q226, Q236, Q309, Q317, Q318, Q321, Q374, Q438, Q479, Q484, Q493'),
('MVP022', 'Pulmonology Care MVP', 'Pulmonology; NPPs', 'Q052, Q226, Q236, Q377, Q438'),
('MVP023', 'Quality Care for Patients with Neurological Conditions MVP', 'Neurology; NPPs', 'Q047, Q134, Q268, Q290, Q291, Q293, Q419'),
('MVP024', 'Quality Care for the Treatment of Ear, Nose, and Throat Disorders MVP', 'Otolaryngology; NPPs', 'Q065, Q091, Q093, Q331, Q332, Q464'),
('MVP025', 'Quality Care in Mental Health and Substance Use Disorders MVP', 'Psychiatry; Clinical Social Work; NPPs', 'Q134, Q325, Q370, Q382, Q383, Q391, Q411'),
('MVP026', 'Rehabilitative Support for Musculoskeletal Care MVP', 'Physical Medicine and Rehabilitation; Physical Therapy; Occupational Therapy', 'Q128, Q130, Q131, Q154, Q155, Q182, Q217, Q222'),
('MVP027', 'Surgical Care MVP', 'General Surgery; NPPs', 'Q355, Q356, Q357, Q358, Q130, Q226');

-- ============================================================================
-- SEED MEASURES (Core MIPS measures)
-- ============================================================================
INSERT INTO measures (measure_id, measure_name, is_activated, collection_types, difficulty, is_inverse, readiness) VALUES
('Q001', 'Diabetes: Glycemic Status Assessment Greater Than 9%', 'Y', 'eCQM, MIPS CQM, Medicare Part B Claims', 'Easy', 'Y', 4),
('Q005', 'Heart Failure (HF): ACE Inhibitor or ARB or ARNI Therapy for LVSD', 'N', 'eCQM, MIPS CQM', 'Medium', 'N', 3),
('Q006', 'Coronary Artery Disease (CAD): Antiplatelet Therapy', 'N', 'MIPS CQM', 'Easy', 'N', 3),
('Q007', 'Coronary Artery Disease (CAD): Beta-Blocker Therapy', 'N', 'eCQM, MIPS CQM', 'Medium', 'N', 3),
('Q008', 'Heart Failure (HF): Beta-Blocker Therapy for LVSD', 'N', 'eCQM, MIPS CQM', 'Medium', 'N', 3),
('Q012', 'Primary Open-Angle Glaucoma (POAG): Optic Nerve Evaluation', 'N', 'eCQM', 'Medium', 'N', 3),
('Q019', 'Diabetic Retinopathy: Communication with Physician Managing Diabetes', 'N', 'eCQM', 'Medium', 'N', 3),
('Q024', 'Communication with Physician Post-Fracture', 'N', 'MIPS CQM, Medicare Part B Claims', 'Medium', 'N', 3),
('Q039', 'Screening for Osteoporosis for Women Aged 65-85', 'N', 'MIPS CQM, Medicare Part B Claims', 'Easy', 'N', 3),
('Q047', 'Advance Care Plan', 'Y', 'MIPS CQM, Medicare Part B Claims', 'Easy', 'N', 4),
('Q048', 'Urinary Incontinence: Assessment', 'N', 'MIPS CQM', 'Medium', 'N', 3),
('Q050', 'Urinary Incontinence: Plan of Care', 'Y', 'MIPS CQM', 'Medium', 'N', 4),
('Q052', 'COPD: Spirometry Evaluation', 'N', 'MIPS CQM', 'Hard', 'N', 2),
('Q065', 'Appropriate Treatment for Upper Respiratory Infection', 'Y', 'eCQM, MIPS CQM', 'Easy', 'N', 4),
('Q066', 'Appropriate Testing for Pharyngitis', 'Y', 'eCQM, MIPS CQM', 'Easy', 'N', 4),
('Q102', 'Prostate Cancer: Avoidance of Overuse of Bone Scan', 'Y', 'eCQM, MIPS CQM', 'Medium', 'N', 4),
('Q112', 'Breast Cancer Screening', 'N', 'eCQM, MIPS CQM, Medicare Part B Claims', 'Easy', 'N', 3),
('Q113', 'Colorectal Cancer Screening', 'N', 'eCQM, MIPS CQM, Medicare Part B Claims', 'Medium', 'Y', 3),
('Q116', 'Avoidance of Antibiotic Treatment for Acute Bronchitis', 'Y', 'MIPS CQM', 'Medium', 'N', 4),
('Q117', 'Diabetes: Eye Exam', 'N', 'eCQM, MIPS CQM', 'Medium', 'N', 3),
('Q118', 'CAD: ACE Inhibitor or ARB Therapy', 'N', 'MIPS CQM', 'Medium', 'N', 3),
('Q126', 'Diabetes: Diabetic Foot - Neurological Evaluation', 'N', 'MIPS CQM', 'Medium', 'N', 3),
('Q127', 'Diabetes: Diabetic Foot - Footwear Evaluation', 'N', 'MIPS CQM', 'Medium', 'N', 3),
('Q128', 'BMI Screening and Follow-Up Plan', 'N', 'eCQM, MIPS CQM, Medicare Part B Claims', 'Easy', 'Y', 3),
('Q130', 'Documentation of Current Medications', 'Y', 'eCQM, MIPS CQM', 'Easy', 'Y', 4),
('Q134', 'Screening for Depression and Follow-Up Plan', 'N', 'eCQM, MIPS CQM, Medicare Part B Claims', 'Medium', 'N', 3),
('Q141', 'POAG: Reduction of IOP by 20%', 'N', 'MIPS CQM, Medicare Part B Claims', 'Hard', 'N', 2),
('Q143', 'Oncology: Pain Intensity Quantified', 'Y', 'eCQM, MIPS CQM', 'Medium', 'N', 4),
('Q144', 'Oncology: Plan of Care for Pain', 'Y', 'MIPS CQM', 'Medium', 'N', 4),
('Q145', 'Radiology: Exposure Dose Indices Reported', 'Y', 'MIPS CQM, Medicare Part B Claims', 'Easy', 'N', 4),
('Q155', 'Falls: Plan of Care', 'Y', 'MIPS CQM', 'Easy', 'N', 4),
('Q176', 'TB Screening Prior to Biologic Therapy', 'N', 'MIPS CQM', 'Medium', 'N', 3),
('Q177', 'Rheumatoid Arthritis: Periodic Assessment', 'N', 'MIPS CQM', 'Hard', 'N', 2),
('Q178', 'Rheumatoid Arthritis: Functional Status Assessment', 'N', 'MIPS CQM', 'Hard', 'N', 2),
('Q180', 'Rheumatoid Arthritis: Glucocorticoid Management', 'N', 'MIPS CQM', 'Hard', 'N', 2),
('Q181', 'Elder Maltreatment Screen and Follow-Up', 'Y', 'MIPS CQM, Medicare Part B Claims', 'Medium', 'N', 4),
('Q182', 'Functional Outcome Assessment', 'Y', 'MIPS CQM', 'Medium', 'N', 4),
('Q185', 'Colonoscopy Interval for Adenomatous Polyps', 'Y', 'MIPS CQM', 'Medium', 'N', 4),
('Q187', 'Stroke: Thrombolytic Therapy', 'N', 'MIPS CQM', 'Medium', 'N', 3),
('Q191', 'Cataracts: 20/40 or Better Visual Acuity', 'Y', 'eCQM, MIPS CQM', 'Medium', 'N', 4),
('Q217', 'Functional Status Change: Knee Impairments', 'Y', 'MIPS CQM', 'Hard', 'N', 3),
('Q218', 'Functional Status Change: Hip Impairments', 'Y', 'MIPS CQM', 'Hard', 'N', 3),
('Q219', 'Functional Status Change: Lower Leg/Foot/Ankle', 'Y', 'MIPS CQM', 'Hard', 'N', 3),
('Q220', 'Functional Status Change: Low Back Impairments', 'Y', 'MIPS CQM', 'Hard', 'N', 3),
('Q221', 'Functional Status Change: Shoulder Impairments', 'Y', 'MIPS CQM', 'Hard', 'N', 3),
('Q222', 'Functional Status Change: Elbow/Wrist/Hand', 'Y', 'MIPS CQM', 'Hard', 'N', 3),
('Q226', 'Tobacco Use: Screening and Cessation Intervention', 'N', 'eCQM, MIPS CQM, Medicare Part B Claims', 'Easy', 'Y', 3),
('Q236', 'Controlling High Blood Pressure', 'Y', 'eCQM, MIPS CQM, Medicare Part B Claims', 'Easy', 'N', 4),
('Q238', 'Use of High-Risk Medications in Older Adults', 'Y', 'eCQM, MIPS CQM', 'Easy', 'Y', 4),
('Q243', 'Cardiac Rehabilitation Patient Referral', 'Y', 'MIPS CQM', 'Medium', 'N', 4),
('Q249', 'Barrett''s Esophagus', 'N', 'MIPS CQM, Medicare Part B Claims', 'Medium', 'N', 3),
('Q250', 'Radical Prostatectomy Pathology Reporting', 'N', 'MIPS CQM, Medicare Part B Claims', 'Hard', 'N', 2),
('Q259', 'Rate of EVAR without Major Complications', 'Y', 'MIPS CQM', 'Hard', 'N', 3),
('Q268', 'Epilepsy: Counseling for Women of Childbearing Potential', 'N', 'MIPS CQM', 'Medium', 'N', 3),
('Q275', 'IBD: Assessment of HBV Status', 'N', 'MIPS CQM', 'Medium', 'N', 3),
('Q282', 'Dementia: Functional Status Assessment', 'N', 'MIPS CQM', 'Medium', 'N', 3),
('Q286', 'Dementia: Safety Concern Screening', 'Y', 'MIPS CQM', 'Medium', 'N', 4),
('Q288', 'Dementia: Education and Support of Caregivers', 'Y', 'MIPS CQM', 'Medium', 'N', 4),
('Q290', 'Parkinson''s Disease: Assessment of Mood Disorders', 'N', 'MIPS CQM', 'Medium', 'N', 3),
('Q291', 'Parkinson''s Disease: Assessment of Cognitive Impairment', 'N', 'MIPS CQM', 'Medium', 'N', 3),
('Q293', 'Parkinson''s Disease: Rehabilitative Therapy Referral', 'Y', 'MIPS CQM', 'Medium', 'N', 4),
('Q303', 'Cataracts: Improvement in Visual Function', 'Y', 'MIPS CQM', 'Hard', 'N', 3),
('Q304', 'Cataracts: Patient Satisfaction', 'Y', 'MIPS CQM', 'Hard', 'N', 3),
('Q309', 'Cervical Cancer Screening', 'N', 'eCQM', 'Easy', 'Y', 3),
('Q310', 'Chlamydia Screening for Women', 'N', 'eCQM', 'Easy', 'N', 3),
('Q317', 'Screening for High Blood Pressure', 'N', 'eCQM, MIPS CQM, Medicare Part B Claims', 'Hard', 'Y', 2),
('Q318', 'Falls: Screening for Future Fall Risk', 'Y', 'eCQM', 'Easy', 'Y', 4),
('Q320', 'Appropriate Follow-Up for Normal Colonoscopy', 'Y', 'MIPS CQM, Medicare Part B Claims', 'Easy', 'N', 4),
('Q321', 'CAHPS for MIPS Clinician/Group Survey', 'Y', 'CAHPS Survey Vendor', 'Medium', 'N', 4),
('Q322', 'Cardiac Stress Imaging Not Meeting Criteria', 'Y', 'MIPS CQM', 'Medium', 'Y', 4),
('Q326', 'Atrial Fibrillation: Chronic Anticoagulation Therapy', 'N', 'MIPS CQM', 'Medium', 'N', 3),
('Q331', 'Adult Sinusitis: Antibiotic Overuse', 'Y', 'MIPS CQM', 'Medium', 'Y', 4),
('Q332', 'Adult Sinusitis: Appropriate Antibiotic Choice', 'Y', 'MIPS CQM', 'Medium', 'N', 4),
('Q335', 'Maternity Care: Elective Delivery < 39 Weeks', 'Y', 'MIPS CQM', 'Hard', 'Y', 3),
('Q336', 'Maternity Care: Postpartum Follow-up', 'Y', 'MIPS CQM', 'Medium', 'N', 4),
('Q338', 'HIV Viral Suppression', 'Y', 'eCQM, MIPS CQM', 'Hard', 'N', 3),
('Q340', 'HIV Annual Retention in Care', 'Y', 'eCQM, MIPS CQM', 'Medium', 'N', 4),
('Q344', 'Rate of CEA or CAS without Major Complications', 'Y', 'MIPS CQM', 'Hard', 'N', 3),
('Q350', 'Total Knee/Hip Replacement: Trial of Conservative Therapy', 'Y', 'MIPS CQM', 'Medium', 'N', 4),
('Q351', 'Total Knee/Hip Replacement: VTE Risk Evaluation', 'Y', 'MIPS CQM', 'Medium', 'N', 4),
('Q354', 'Anastomotic Leak Intervention', 'Y', 'MIPS CQM', 'Hard', 'Y', 3),
('Q355', 'Unplanned Reoperation within 30 Days', 'Y', 'MIPS CQM', 'Hard', 'Y', 3),
('Q356', 'Unplanned Hospital Readmission within 30 Days', 'Y', 'MIPS CQM', 'Hard', 'Y', 3),
('Q357', 'Surgical Site Infection', 'Y', 'MIPS CQM', 'Hard', 'Y', 3),
('Q358', 'Patient-Centered Surgical Risk Assessment', 'Y', 'MIPS CQM', 'Medium', 'N', 4),
('Q360', 'Optimizing Patient Exposure to Ionizing Radiation', 'Y', 'MIPS CQM', 'Medium', 'N', 4),
('Q364', 'Appropriate Follow-up CT for Pulmonary Nodules', 'Y', 'MIPS CQM', 'Medium', 'N', 4),
('Q370', 'Depression Remission at Twelve Months', 'Y', 'eCQM, MIPS CQM', 'Hard', 'N', 3),
('Q374', 'Closing the Referral Loop: Receipt of Specialist Report', 'Y', 'eCQM, MIPS CQM', 'Medium', 'N', 4),
('Q376', 'Functional Status Assessment for Total Hip Replacement', 'Y', 'eCQM', 'Medium', 'N', 4),
('Q377', 'Functional Status Assessments for Heart Failure', 'Y', 'eCQM', 'Medium', 'N', 4),
('Q382', 'Child/Adolescent MDD: Suicide Risk Assessment', 'Y', 'eCQM', 'Medium', 'N', 4),
('Q383', 'Adherence to Antipsychotic Medications for Schizophrenia', 'Y', 'MIPS CQM', 'Medium', 'N', 4),
('Q384', 'Retinal Detachment Surgery: No Return to OR', 'Y', 'MIPS CQM', 'Hard', 'N', 3),
('Q385', 'Retinal Detachment Surgery: Visual Acuity Improvement', 'Y', 'MIPS CQM', 'Hard', 'N', 3),
('Q389', 'Cataract Surgery: Difference Between Planned and Final Refraction', 'Y', 'MIPS CQM', 'Hard', 'N', 3),
('Q392', 'Cardiac Tamponade Following AF Ablation', 'Y', 'MIPS CQM', 'Hard', 'Y', 3),
('Q393', 'Infection within 180 Days of CIED Implantation', 'Y', 'MIPS CQM', 'Hard', 'Y', 3),
('Q395', 'Lung Cancer Reporting (Biopsy/Cytology)', 'Y', 'MIPS CQM, Medicare Part B Claims', 'Easy', 'N', 4),
('Q396', 'Lung Cancer Reporting (Resection)', 'Y', 'MIPS CQM, Medicare Part B Claims', 'Easy', 'N', 4),
('Q397', 'Melanoma Reporting', 'Y', 'MIPS CQM, Medicare Part B Claims', 'Easy', 'N', 4),
('Q398', 'Optimal Asthma Control', 'Y', 'MIPS CQM', 'Hard', 'N', 3),
('Q400', 'One-Time Screening for HCV', 'N', 'MIPS CQM', 'Medium', 'N', 3),
('Q401', 'Hepatitis C: Screening for HCC', 'N', 'MIPS CQM', 'Medium', 'N', 3),
('Q404', 'Anesthesiology Smoking Abstinence', 'Y', 'MIPS CQM', 'Medium', 'N', 4),
('Q405', 'Appropriate Follow-up for Incidental Abdominal Lesions', 'Y', 'MIPS CQM, Medicare Part B Claims', 'Easy', 'N', 4),
('Q406', 'Appropriate Follow-up for Incidental Thyroid Nodules', 'Y', 'MIPS CQM, Medicare Part B Claims', 'Easy', 'Y', 4),
('Q410', 'Psoriasis: Clinical Response to Systemic Medications', 'Y', 'MIPS CQM', 'Hard', 'N', 3),
('Q413', 'Door to Puncture Time for Endovascular Stroke', 'Y', 'MIPS CQM', 'Medium', 'N', 4),
('Q415', 'ED CT for Minor Blunt Head Trauma (Adults)', 'Y', 'MIPS CQM', 'Medium', 'N', 4),
('Q416', 'ED CT for Minor Blunt Head Trauma (Pediatric)', 'Y', 'MIPS CQM', 'Medium', 'Y', 4),
('Q419', 'Overuse of Imaging for Primary Headache', 'Y', 'MIPS CQM', 'Medium', 'Y', 4),
('Q420', 'Varicose Vein Treatment: Outcome Survey', 'Y', 'MIPS CQM', 'Hard', 'N', 3),
('Q421', 'Appropriate Assessment of Retrievable IVC Filters', 'N', 'MIPS CQM', 'Medium', 'N', 3),
('Q422', 'Cystoscopy at Time of Hysterectomy', 'Y', 'MIPS CQM, Medicare Part B Claims', 'Easy', 'N', 4),
('Q430', 'Prevention of PONV - Combination Therapy', 'Y', 'MIPS CQM', 'Medium', 'N', 4),
('Q431', 'Unhealthy Alcohol Use: Screening & Brief Counseling', 'N', 'MIPS CQM', 'Medium', 'N', 3),
('Q432', 'Bladder/Bowel Injury at Pelvic Organ Prolapse Repair', 'Y', 'MIPS CQM', 'Hard', 'Y', 3),
('Q438', 'Statin Therapy for Cardiovascular Disease', 'N', 'eCQM, MIPS CQM', 'Medium', 'N', 3),
('Q440', 'Skin Cancer: Biopsy Reporting Time', 'Y', 'MIPS CQM', 'Medium', 'N', 4),
('Q441', 'IVD All or None Outcome Measure', 'Y', 'MIPS CQM', 'Medium', 'N', 4),
('Q448', 'Appropriate Workup Prior to Endometrial Ablation', 'Y', 'MIPS CQM', 'Medium', 'N', 4),
('Q450', 'Appropriate Treatment for HER2 Positive Breast Cancer', 'Y', 'MIPS CQM', 'Medium', 'N', 4),
('Q451', 'RAS Gene Mutation Testing for Metastatic Colorectal Cancer', 'N', 'MIPS CQM', 'Medium', 'N', 3),
('Q453', 'Systemic Cancer Therapy in Last 14 Days of Life', 'Y', 'MIPS CQM', 'Medium', 'Y', 4),
('Q457', 'Hospice for Less than 3 Days', 'Y', 'MIPS CQM', 'Medium', 'Y', 4),
('Q462', 'Bone Density Evaluation for Prostate Cancer', 'N', 'eCQM', 'Medium', 'N', 3),
('Q463', 'Prevention of POV - Combination Therapy (Pediatrics)', 'Y', 'MIPS CQM', 'Medium', 'N', 4),
('Q464', 'Otitis Media with Effusion: Avoidance of Inappropriate Antimicrobials', 'Y', 'MIPS CQM', 'Medium', 'N', 4),
('Q465', 'UAE Technique Documentation', 'Y', 'MIPS CQM', 'Medium', 'N', 4),
('Q470', 'Functional Status Assessment for Complex Chronic Conditions', 'N', 'MIPS CQM', 'Hard', 'N', 2),
('Q476', 'Prostate Cancer: Combination Androgen Deprivation Therapy', 'N', 'MIPS CQM', 'Medium', 'N', 3),
('Q477', 'Multimodal Pain Management', 'Y', 'MIPS CQM', 'Medium', 'N', 4),
('Q479', 'Hospital-Wide 30-Day All-Cause Unplanned Readmission', 'N', 'Admin Claims', 'Hard', 'Y', 2),
('Q480', 'Hospital-Level Risk-Standardized Complication Rate', 'N', 'Admin Claims', 'Hard', 'Y', 2),
('Q481', 'Prostate Cancer: Avoidance of Overuse Measure', 'N', 'MIPS CQM', 'Medium', 'N', 3),
('Q484', 'Clinician and Clinician Group Risk-standardized Acute Admission Rates', 'N', 'Admin Claims', 'Hard', 'Y', 2),
('Q486', 'Psoriasis - Assessment of Disease Activity', 'N', 'MIPS CQM', 'Medium', 'N', 3),
('Q488', 'Kidney Health Evaluation', 'N', 'MIPS CQM', 'Medium', 'N', 3),
('Q489', 'Kidney Health: Drug Therapy for Treating Albuminuria', 'N', 'MIPS CQM', 'Medium', 'N', 3),
('Q491', 'Pancreatic Resection Pathology Reporting', 'N', 'MIPS CQM', 'Medium', 'N', 3),
('Q493', 'Adult Immunization Status', 'N', 'MIPS CQM', 'Medium', 'N', 3);

-- ============================================================================
-- SEED BENCHMARKS (Sample - key measures for 2025)
-- ============================================================================
INSERT INTO benchmarks (benchmark_year, measure_id, collection_type, is_inverse, decile_1, decile_2, decile_3, decile_4, decile_5, decile_6, decile_7, decile_8, decile_9, decile_10) VALUES
('2025', 'Q001', 'MIPS CQM', 'Y', 99, 90, 80, 70, 60, 50, 40, 30, 20, 10),
('2025', 'Q001', 'eCQM', 'Y', 99.44, 94.35, 73.2, 51.68, 40.28, 32.92, 27.54, 23.02, 18.49, 13.46),
('2025', 'Q047', 'MIPS CQM', 'N', 0.34, 30.27, 67.78, 85.88, 94.96, 98.76, 99.85, 100, 100, 100),
('2025', 'Q065', 'MIPS CQM', 'N', 55.1, 84.39, 93.4, 96.13, 97.42, 98.54, 99.53, 100, 100, 100),
('2025', 'Q065', 'eCQM', 'N', 14.71, 58.75, 76.24, 85.15, 89.66, 92.37, 95.04, 96.92, 98.77, 100),
('2025', 'Q116', 'MIPS CQM', 'N', 11.43, 64.96, 86.36, 91.38, 94.74, 96.14, 98.69, 100, 100, 100),
('2025', 'Q130', 'MIPS CQM', 'N', 4.13, 70.82, 94.2, 98.38, 99.68, 99.99, 100, 100, 100, 100),
('2025', 'Q130', 'eCQM', 'N', 3.4, 60.64, 80.58, 88.72, 92.95, 95.66, 97.45, 98.61, 99.46, 99.91),
('2025', 'Q134', 'MIPS CQM', 'N', 0.08, 61.68, 84.5, 97.71, 99.78, 100, 100, 100, 100, 100),
('2025', 'Q134', 'eCQM', 'N', 0.09, 4.96, 15.06, 24.74, 35.28, 45.95, 58.11, 71.39, 84.23, 94.99),
('2025', 'Q226', 'MIPS CQM', 'N', 3.12, 28.57, 58.28, 77.78, 89.8, 96.51, 99.56, 100, 100, 100),
('2025', 'Q226', 'eCQM', 'N', 3.23, 16.39, 28.59, 42.05, 55.26, 67.74, 80.91, 90.62, 97.14, 100),
('2025', 'Q236', 'MIPS CQM', 'N', 1, 10, 20, 30, 40, 50, 60, 70, 80, 90),
('2025', 'Q236', 'eCQM', 'N', 5.56, 45.71, 55.17, 61.16, 65.32, 68.74, 71.94, 75.31, 79.31, 84.74),
('2025', 'Q238', 'MIPS CQM', 'Y', 5.97, 0, 0, 0, 0, 0, 0, 0, 0, 0),
('2025', 'Q238', 'eCQM', 'Y', 30.03, 15.43, 9.43, 4.3, 1.67, 0.52, 0.09, 0, 0, 0),
('2025', 'Q321', 'CAHPS Survey Vendor', 'N', 64.2, 77.78, 80.16, 81.62, 82.81, 83.9, 84.75, 85.85, 87.11, 88.45),
('2025', 'Q331', 'MIPS CQM', 'Y', 92.75, 78, 68.09, 56, 38.24, 23.95, 11.9, 5, 0, 0),
('2025', 'Q355', 'MIPS CQM', 'Y', 6.06, 1.54, 0.4, 0, 0, 0, 0, 0, 0, 0),
('2025', 'Q356', 'MIPS CQM', 'Y', 77.13, 5.36, 3.03, 1.96, 0.78, 0, 0, 0, 0, 0),
('2025', 'Q357', 'MIPS CQM', 'Y', 13.79, 1.12, 0, 0, 0, 0, 0, 0, 0, 0),
('2025', 'Q358', 'MIPS CQM', 'N', 1.81, 58.01, 95.24, 99.43, 100, 100, 100, 100, 100, 100),
('2025', 'Q374', 'MIPS CQM', 'N', 3.26, 54.71, 88.79, 97.75, 100, 100, 100, 100, 100, 100),
('2025', 'Q374', 'eCQM', 'N', 0.65, 6.93, 17.39, 26.79, 34.84, 43.31, 52, 61.54, 78.17, 95.24),
('2025', 'Q415', 'MIPS CQM', 'N', 70.83, 93.85, 96.47, 97.44, 98.21, 98.85, 99.4, 100, 100, 100),
('2025', 'Q416', 'MIPS CQM', 'Y', 52.5, 8.33, 4.58, 3.45, 1.87, 0, 0, 0, 0, 0),
('2025', 'Q419', 'MIPS CQM', 'Y', 12.63, 0.34, 0, 0, 0, 0, 0, 0, 0, 0),
('2025', 'Q438', 'MIPS CQM', 'N', 1, 10, 20, 30, 40, 50, 60, 70, 80, 90),
('2025', 'Q441', 'MIPS CQM', 'N', 9.24, 16.61, 31.15, 38.82, 43.08, 47.43, 52.78, 57.3, 64, 71.79),
('2025', 'Q493', 'MIPS CQM', 'N', 0.02, 0.24, 2.28, 7.43, 13.21, 18.76, 24.97, 31.88, 37.39, 53.12);

-- ============================================================================
-- DONE! Verify counts
-- ============================================================================
SELECT 'MVPs' as table_name, COUNT(*) as count FROM mvps
UNION ALL
SELECT 'Measures', COUNT(*) FROM measures
UNION ALL
SELECT 'Benchmarks', COUNT(*) FROM benchmarks;
